CATEGORY,NAME,PRICE
Shirt,Abstract (1),25.00
Tank Top,Abstract (2),15.00
Sweatpants,Abstract (3),25.00
Iphone Case,Abstract (4),10.00
Galaxy Case,Abstract (5),10.00
Pillow,Abstract (6),10.00
Sweatshirt,Abstract (7),25.00
Bandana,Abstract (8),2.50
Poster,Abstract (9),8.00
Hoodie,Abstract (10),30.00
Shirt,Growth (1),25.00
Tank Top,Growth (2),15.00
Sweatpants,Growth (3),25.00
Iphone Case,Growth (4),10.00
Galaxy Case,Growth (5),8.00
Pillow,Growth (6),10.00
Sweatshirt,Growth (7),25.00
Bandana,Growth (8),2.50
Poster,Growth (9),8.00
Hoodie,Growth (10),30.00
Shirt,Smoke (1),25.00
Tank Top,Smoke (2),15.00
Sweatpants,Smoke (3),25.00
Iphone Case,Smoke (4),10.00
Galaxy Case,Smoke (5),10.00
Pillow,Smoke (6),10.00
Sweatshirt,Smoke (7),25.00
Bandana,Smoke (8),2.50
Poster,Smoke (9),8.00
Hoodie,Smoke (10),30.00